{
  "PM10": {
    "MAE": 4.883293405814424,
    "MAPE": 0.23748881795333332,
    "MSE": 44.665875142554185,
    "RMSE": 6.683253335206903,
    "R2": 0.5611650343877665
  },
  "SO2": {
    "MAE": 3.387298267598272,
    "MAPE": 0.1772552284756266,
    "MSE": 23.147191731065806,
    "RMSE": 4.811152848441401,
    "R2": 0.8247097888540575
  },
  "CO": {
    "MAE": 2.5996671752551674,
    "MAPE": 2.295781670408282,
    "MSE": 10.248636793335292,
    "RMSE": 3.2013492145242903,
    "R2": -0.9346077530105514
  },
  "O3": {
    "MAE": 4.712092061203549,
    "MAPE": 0.7839440432262462,
    "MSE": 41.89197705226815,
    "RMSE": 6.472401181344382,
    "R2": 0.858800015910336
  },
  "NO2": {
    "MAE": 5.898469205473143,
    "MAPE": 0.2613350934212854,
    "MSE": 85.62697668903552,
    "RMSE": 9.253484570097662,
    "R2": 0.8193151345604335
  },
  "Overall": {
    "MAE": 4.296164023068911,
    "MAPE": 0.7511609706969546,
    "MSE": 41.11613148165179,
    "RMSE": 6.084328229922927,
    "R2": 0.42587644414040843
  }
}